Tag No.,Tag Service,EU,P&ID No.,IO Type,System
100-ZSC-W904A,100-SDV-W904A  VALVE SWITCH CLOSE,,80289-PRO-PID-1001,DVFC,PCS
100-ZSO-W904A,100-SDV-W904A VALVE SWITCH OPEN,,80289-PRO-PID-1001,DVFC,PCS
100-ZSC-W904D,100-SDV-W904D-VALVE SWITCH CLOSE,,80289-PRO-PID-1004,DVFC,PCS
100-ZSO-W904D,100-SDV-W904D VALVE SWITCH OPEN,,80289-PRO-PID-1004,DVFC,PCS
100-ZSC-W904C,100-SDV-W904C-VALVE SWITCH CLOSE,,80289-PRO-PID-1003,DVFC,PCS
100-ZSO-W904C,100-SDV-W904C VALVE SWITCH OPEN,,80289-PRO-PID-1003,DVFC,PCS
100-ZSC-W905D,100-SDV-W905D- VALVE POSITION CLOSE,,80289-PRO-PID-1004,DVFC,PCS
100-ZSO-W905D,100-SDV-W905D-VALVE SWITCH OPEN,,80289-PRO-PID-1004,DVFC,PCS
100-ZSC-W905A,100-SDV-W905A- VALVE POSITION CLOSE,,80289-PRO-PID-1001,DVFC,PCS
100-ZSO-W905A,100-SDV-W905A-VALVE SWITCH OPEN,,80289-PRO-PID-1001,DVFC,PCS
100-ZSC-W904B,100-SDV-W904B VALVE SWITCH Close,,80289-PRO-PID-1002,DVFC,PCS
100-ZSO-W904B,100-SDV-W904B VALVE SWITCH OPEN,,80289-PRO-PID-1002,DVFC,PCS
100-ZSC-W905C,100-SDV-W905C- VALVE POSITION CLOSE,,80289-PRO-PID-1003,DVFC,PCS
100-ZSO-W905C,100-SDV-W905C-VALVE SWITCH OPEN,,80289-PRO-PID-1003,DVFC,PCS
100-ZSC-W905B,100-SDV-W905B- VALVE POSITION CLOSE,,80289-PRO-PID-1002,DVFC,PCS
100-ZSO-W905B,100-SDV-W905B-VALVE SWITCH OPEN,,80289-PRO-PID-1002,DVFC,PCS
100-PB-302,AUTO OPERATION KEY SWITCH,,-,DVFC,PCS
100-PB-303,MANUAL OPERATION KEY SWITCH,,-,DVFC,PCS
100-PB-304,TEST KEY SWITCH,,-,DVFC,PCS
100-PB-305,INHIBIT KEY SWITCH,,-,DVFC,PCS
100-PB-306,ABORT PUSH BUTTON,,-,DVFC,PCS
100-XS-021,UPS A COMMON ALARM,,,DVFC,PCS
100-XS-022,UPS B COMMON ALARM,,,DVFC,PCS
100-XS-023,UPS A CB STATUS,,,DVFC,PCS
100-XS-024,UPS B CB STATUS,,,DVFC,PCS
100-PIT-214A,DISCHARGE OF 100-P-004A,,80289-PRO-PID-1016,AI,PCS
100-PIT-214B,DISCHARGE OF 100-P-004B,,80289-PRO-PID-1016,AI,PCS
100-PIT-215,TO ACCOMMODATION MODULE,,80289-PRO-PID-1016,AI,PCS
100-LIT-608,100-TK-005 FRESH WATER TANK,,80289-PRO-PID-1016,AI,PCS
100-PIT-218,TO VENT CLOSED DRAIN KNOCKOUT DRUM,,80289-PRO-PID-1014,AI,PCS
100-PIT-W204A,OUTLET FROM WEB NE WELLHEAD,,80289-PRO-PID-1001,AI,PCS
100-PIT-W204B,OUTLET FROM WEB NW WELLHEAD,,80289-PRO-PID-1002,AI,PCS
100-PIT-W204C,OUTLET FROM WEB SE WELLHEAD,,80289-PRO-PID-1003,AI,PCS
100-PIT-W204D,OUTLET FROM WEB SW WELLHEAD,,80289-PRO-PID-1004,AI,PCS
100-TIT-W401A,OUTLET FROM WEB NE WELLHEAD,,80289-PRO-PID-1001,AI,PCS
100-TIT-W401D,OUTLET FROM WEB SW WELLHEAD,,80289-PRO-PID-1004,AI,PCS
100-XZT-W904A,100-HCV-W904A- CHOKE VALVE,,80289-PRO-PID-1001,AI,PCS
100-TIT-W401B,OUTLET FROM WEB NW WELLHEAD,,80289-PRO-PID-1002,AI,PCS
100-FIT-110,FLOW LINE TO 100-V-001 VENT/CLOSED DRAIN KNOCKOUT DRUM,,80289-PRO-PID-1010 SHEET 1 OF 2,AI,PCS
100-XZT-W904D,100-HCV-W904D - CHOKE VALVE,,80289-PRO-PID-1004,AI,PCS
100-XZT-W904B,100-HCV-W904B- CHOKE VALVE,,80289-PRO-PID-1002,AI,PCS
100-TIT-W401C,OUTLET FROM WEB SE WELLHEAD,,80289-PRO-PID-1003,AI,PCS
100-XZT-W904C,100-HCV-W904C- CHOKE VALVE,,80289-PRO-PID-1003,AI,PCS
100-PIT-W217A,OUTLET FROM WEB NE WELLHEAD,,80289-PRO-PID-1001,AI,PCS
100-PIT-W206A,OUTLET FROM WEB NE WELLHEAD,,80289-PRO-PID-1001,AI,PCS
100-PIT-W209A,OUTLET FROM WEB NE WELLHEAD,,80289-PRO-PID-1001,AI,PCS
100-PIT-W217B,OUTLET FROM WEB NW WELLHEAD,,80289-PRO-PID-1002,AI,PCS
100-PIT-W206B,OUTLET FROM WEB NW WELLHEAD,,80289-PRO-PID-1002,AI,PCS
100-PIT-W209B,OUTLET FROM WEB NW WELLHEAD,,80289-PRO-PID-1002,AI,PCS
100-PIT-W217C,OUTLET FROM WEB SE WELLHEAD,,80289-PRO-PID-1003,AI,PCS
100-PIT-W206C,OUTLET FROM WEB SE WELLHEAD,,80289-PRO-PID-1003,AI,PCS
100-PIT-W209C,OUTLET FROM WEB SE WELLHEAD,,80289-PRO-PID-1003,AI,PCS
100-PIT-W217D,OUTLET FROM WEB SW WELLHEAD,,80289-PRO-PID-1004,AI,PCS
100-PIT-W206D,OUTLET FROM WEB SW WELLHEAD,,80289-PRO-PID-1004,AI,PCS
100-PIT-W209D,OUTLET FROM WEB SW WELLHEAD,,80289-PRO-PID-1004,AI,PCS
100-SIT-W901A,FROM WEB NE WELLHEAD,,80289-PRO-PID-1007,AI,PCS
100-FIT-W101A,FROM WEB NE WELLHEAD,,80289-PRO-PID-1007,AI,PCS
100-PIT-W205A,FROM WEB NE WELLHEAD,,80289-PRO-PID-1007,AI,PCS
100-TIT-W402A,FROM WEB NE WELLHEAD,,80289-PRO-PID-1007,AI,PCS
100-SIT-W901B,FROM WEB NW WELLHEAD,,80289-PRO-PID-1007,AI,PCS
100-FIT-W101B,FROM WEB NW WELLHEAD,,80289-PRO-PID-1007,AI,PCS
100-PIT-W205B,FROM WEB NW WELLHEAD,,80289-PRO-PID-1007,AI,PCS
100-TIT-W402B,FROM WEB NW WELLHEAD,,80289-PRO-PID-1007,AI,PCS
100-PT-332,ON NITROGEN MANIFOLD,,80289-HSE-PID-1001,AI,PCS
100-PIT-212A,DISCHARGE OF 100-P-005A,,80289-PRO-PID-1009,AI,PCS
100-PIT-212B,DISCHARGE OF 100-P-005B,,80289-PRO-PID-1009,AI,PCS
100-HSBR-004A,100-P-004A FRESH WATER PUMP,,80289-PRO-PID-1016,DPM,PCS
100-HSAR-004A,100-P-004A FRESH WATER PUMP,,80289-PRO-PID-1016,DPM,PCS
100-HSBR-004B,100-P-004B FRESH WATER PUMP,,80289-PRO-PID-1016,DPM,PCS
100-HSAR-004B,100-P-004B FRESH WATER PUMP,,80289-PRO-PID-1016,DPM,PCS
100-HSBR-005A,100-P-005A DIESEL PUMP,,80289-PRO-PID-1009,DPM,PCS
100-HSAR-005A,100-P-005A DIESEL PUMP,,80289-PRO-PID-1009,DPM,PCS
100-HSBR-005B,100-P-005B DIESEL PUMP,,80289-PRO-PID-1009,DPM,PCS
100-HSAR-005B,100-P-005B DIESEL PUMP,,80289-PRO-PID-1009,DPM,PCS
100-HSBR-MX-001,100-MX-001 CORRISION INHIBITOR TANK MIXER,,80289-PRO-PID-1011,DPM,PCS
100-HSAR-MX-001,100-MX-001 CORRISION INHIBITOR TANK MIXER,,80289-PRO-PID-1011,DPM,PCS
100-HSBR-001A,100-P-001A CORRISION INHIBITOR PUMP,,80289-PRO-PID-1011,DPM,PCS
100-HSAR-001A,100-P-001A CORRISION INHIBITOR PUMP,,80289-PRO-PID-1011,DPM,PCS
100-HSBR-001B,100-P-001B CORRISION INHIBITOR PUMP,,80289-PRO-PID-1011,DPM,PCS
100-HSAR-001B,100-P-001B CORRISION INHIBITOR PUMP,,80289-PRO-PID-1011,DPM,PCS
100-HSBR-MX-002,100-MX-002 KHI TANK MIXER,,80289-PRO-PID-1012,DPM,PCS
100-HSAR-MX-002,100-MX-002 KHI TANK MIXER,,80289-PRO-PID-1012,DPM,PCS
100-HSBR-002A,100-P-002A KHI PUMP,,80289-PRO-PID-1012,DPM,PCS
100-HSAR-002A,100-P-002A KHI PUMP,,80289-PRO-PID-1012,DPM,PCS
100-HSBR-002B,100-P-002B KHI PUMP,,80289-PRO-PID-1012,DPM,PCS
100-HSAR-002B,100-P-002B KHI PUMP,,80289-PRO-PID-1012,DPM,PCS
100-HSBR-003A,100-P-003A METHANOL PUMP,,80289-PRO-PID-1013,DP (NE),PCS
100-HSBR-003B,100-P-003B METHANOL PUMP,,80289-PRO-PID-1013,DP (NE),PCS
100-HSBR-MX-008,100-MX-008 SCALE INHIBITOR TANK MIXER,,80289-PRO-PID-1015,DPM,PCS
100-HSAR-MX-008,100-MX-008 SCALE INHIBITOR TANK MIXER,,80289-PRO-PID-1015,DPM,PCS
100-HSBR-008A,100-P-008A SCALE INHIBITOR PUMP,,80289-PRO-PID-1015,DPM,PCS
100-HSAR-008A,100-P-008A SCALE INHIBITOR PUMP,,80289-PRO-PID-1015,DPM,PCS
100-HSBR-008B,100-P-008B SCALE INHIBITOR PUMP,,80289-PRO-PID-1015,DPM,PCS
100-HSAR-008B,100-P-008B SCALE INHIBITOR PUMP,,80289-PRO-PID-1015,DPM,PCS
100-HY-W904-1A,100-HCV-W904A- CHOKE VALVE,,80289-PRO-PID-1001,DPM,PCS
100-HY-W904-1B,100-HCV-W904B- CHOKE VALVE,,80289-PRO-PID-1002,DPM,PCS
100-HY-W904-1C,100-HCV-W904C- CHOKE VALVE,,80289-PRO-PID-1003,DPM,PCS
100-HY-W904-1D,100-HCV-W904D - CHOKE VALVE,,80289-PRO-PID-1004,DPM,PCS
100-HY-W904-2A,100-HCV-W904A- CHOKE VALVE,,80289-PRO-PID-1001,DPM,PCS
100-HY-W904-2B,100-HCV-W904B- CHOKE VALVE,,80289-PRO-PID-1002,DPM,PCS
100-HY-W904-2C,100-HCV-W904C- CHOKE VALVE,,80289-PRO-PID-1003,DPM,PCS
100-HY-W904-2D,100-HCV-W904D - CHOKE VALVE,,80289-PRO-PID-1004,DPM,PCS
100-HRN-001,100-V-001 VENT/CLOSED DRAIN KNOCKOUT DRUM HORN,,80289-PRO-PID-1010 SHEET 1 OF 2,DP (NDE),PCS
100-HRN-002,100-TK-004 DIESEL STORAGE TANK HORN,,80289-PRO-PID-1009,DP (NDE),PCS
100-HRN-003,100-TK-005 FRESH WATER TANK HORN,,80289-PRO-PID-1016,DP (NDE),PCS
100-XF-006A,100-P-006A HP HYDRAULIC RESERVOIR PUMP,,NOTE-1,DVFC,PCS
100-XB-006A,100-P-006A HP HYDRAULIC RESERVOIR PUMP,,NOTE-1,DVFC,PCS
100-XF-006B,100-P-006B HP HYDRAULIC RESERVOIR PUMP,,NOTE-1,DVFC,PCS
100-XB-006B,100-P-006B HP HYDRAULIC RESERVOIR PUMP,,NOTE-1,DVFC,PCS
100-XF-007A,100-P-007A LP HYDRAULIC RESERVOIR PUMP,,NOTE-1,DVFC,PCS
100-XB-007A,100-P-007A LP HYDRAULIC RESERVOIR PUMP,,NOTE-1,DVFC,PCS
100-XF-007B,100-P-007B LP HYDRAULIC RESERVOIR PUMP,,NOTE-1,DVFC,PCS
100-XB-007B,100-P-007B LP HYDRAULIC RESERVOIR PUMP,,NOTE-1,DVFC,PCS
100-LSL-311,ON 100-V-002 FOAM TANK,,80289-HSE-PID-1001,DVFC,PCS
100-PSL-318,ON 100-V-005A PRESSURIZATION BOTTLE,,80289-HSE-PID-1001,DVFC,PCS
100-PSL-319,ON 100-V-006A ACTUATION BOTTLE,,80289-HSE-PID-1001,DVFC,PCS
100-PSL-325,ON 100-V-006B ACTUATION BOTTLE,,80289-HSE-PID-1001,DVFC,PCS
100-ZSL-328,100-UZV-328 VALVE SWITCH CLOSE,,80289-HSE-PID-1001,DVFC,PCS
100-ZSH-328,100-UZV-328 VALVE SWITCH CLOSE,,80289-HSE-PID-1001,DVFC,PCS
100-XS-015,SYSTEM HEALTHY FROM PAGA,,-,DVFC,PCS
100-XS-016,SYSTEM FAULT FROM PAGA,,-,DVFC,PCS
100-XF-001,COMMON FAULT-NAV AID,,-,DVFC,PCS
100-PS-301,CLEAN AGENT CYLINDER BANK LOW PRESSURE ALARM,,-,DVFC,PCS
100-XI-003A,100-PK-003A DIESEL GENERATOR PACKAGE INDICATION,,80289-PRO-PID-1009,DVFC,PCS
100-XI-003B,100-PK-003B DIESEL GENERATOR PACKAGE INDICATION,,80289-PRO-PID-1009,DVFC,PCS
100-XS-020,NAV. AID BATTERY CB BOX STATUS,,,DVFC,PCS
100-XS-025,ESDB CB'S COMMON TRIP,,,DVFC,PCS
100-XS-026,ESDB INCOMMER CB STATUS,,,DVFC,PCS
100-XS-027,NON ESDB CB'S TRIP,,,DVFC,PCS
100-SIT-W901C,FROM WEB SE WELLHEAD,,80289-PRO-PID-1007,AI,PCS
100-FIT-W101C,FROM WEB SE WELLHEAD,,80289-PRO-PID-1007,AI,PCS
100-PIT-W205C,FROM WEB SE WELLHEAD,,80289-PRO-PID-1007,AI,PCS
100-TIT-W402C,FROM WEB SE WELLHEAD,,80289-PRO-PID-1007,AI,PCS
100-SIT-W901D,FROM WEB SW WELLHEAD,,80289-PRO-PID-1007,AI,PCS
100-FIT-W101D,FROM WEB SW WELLHEAD,,80289-PRO-PID-1007,AI,PCS
100-PIT-W205D,FROM WEB SW WELLHEAD,,80289-PRO-PID-1007,AI,PCS
100-TIT-W402D,FROM WEB SW WELLHEAD,,80289-PRO-PID-1007,AI,PCS
100-PIT-210,FROM WEB PRODUCTION MANIFOLD,,80289-PRO-PID-1008,AI,PCS
100-TIT-404,FROM WEB PRODUCTION MANIFOLD,,80289-PRO-PID-1008,AI,PCS
100-TIT-407,TO WEB PIPELINE PIG LAUNCHER,,80289-PRO-PID-1017,AI,PCS
100-LIT-604,ON 100-TK-004 DIESEL STORAGE TANK,,80289-PRO-PID-1009,AI,PCS
100-PIT-216,TO WEB PIPELINE PIG LAUNCHER,,80289-PRO-PID-1017,AI,PCS
100-LIT-601,HP RESERVOIR HYDRAULIC OIL LEVEL,,NOTE-1 | GIS WHC PID,AI,PCS
100-LIT-633,ON 100-Z-001 FIXED SUMP TANK,,80289-PRO-PID-1010 SHEET 2 OF 2,AI,PCS
100-LG/LIT-703,ON 100-V-001 VENT/CLOSED DRAIN KNOCKOUT DRUM,,80289-PRO-PID-1010 SHEET 1 OF 2,AI,PCS
100-TIT-408,ON 100-V-001 VENT/CLOSED DRAIN KNOCKOUT DRUM,,80289-PRO-PID-1010 SHEET 1 OF 2,AI,PCS
100-PIT-230,ON VENT/ CLOSED DRAIN KNOCK OUT DRUM100-V-001,,80289-PRO-PID-1010 SHEET 1 OF 2,AI,PCS
100-PIT-605,HP HEADER HYDRAULIC OIL PRESSURE,,NOTE-1 | GIS WHC PID,AI,PCS
100-PIT-607,LP HEADER HYDRAULIC OIL PRESSURE,,NOTE-1 | GIS WHC PID,AI,PCS
100-PIT-611,LP HEADER ACCUMULATOR N2 PRECHARGE PRESSURE,,NOTE-1 | GIS WHC PID,AI,PCS
100-PIT-612,HP HEADER ACCUMULATOR  N2 PRECHARGE PRESSURE,,NOTE-1 | GIS WHC PID,AI,PCS
100-PIT-619,CHOKE/SD VALVE HEADER PRESSURE,,NOTE-1 | GIS WHC PID,AI,PCS
100-PIT-609,LOGIC HEADER HYDRAULIC OIL PRESSURE,,NOTE-1 | GIS WHC PID,AI,PCS
100-LIT-602,LP RESERVOIR HYDRAULIC OIL LEVEL,,NOTE-1 | GIS WHC PID,AI,PCS
R02S04CH15-Spare,,,AI,AI,PCS
100-LIT-626,ON 100-TK-001 CORROSION INHIBITOR TANK,,80289-PRO-PID-1011,AI,PCS
100-PIT-220A,OUTLET FROM CORROSION INHIBITOR PUMP (100-P-001A ),,80289-PRO-PID-1011,AI,PCS
100-PIT-220B,OUTLET FROM CORROSION INHIBITOR PUMP (100-P-001B ),,80289-PRO-PID-1011,AI,PCS
100-LIT-628,ON 100-TK-002 KHI INJECTION STORAGE TANK,,80289-PRO-PID-1012,AI,PCS
100-PIT-221A,OUTLET FROM CORROSION INHIBITOR PUMP (100-P-002A ),,80289-PRO-PID-1012,AI,PCS
100-PIT-221B,OUTLET FROM CORROSION INHIBITOR PUMP (100-P-002B ),,80289-PRO-PID-1012,AI,PCS
100-PIT-223,100-V-004 METHANOL STORAGE VESSEL,,80289-PRO-PID-1013,AI,PCS
100-LIT-630,ON 100-V-004 METHANOL STORAGE VESSEL,,80289-PRO-PID-1013,AI,PCS
100-PIT-222A,OUTLET FROM METHANOL PUMP (100-P-003A ),,80289-PRO-PID-1013,AI,PCS
100-PIT-222B,OUTLET FROM METHANOL PUMP (100-P-003B ),,80289-PRO-PID-1013,AI,PCS
100-LIT-631,ON 100-TK-003 SCALE INHIBITOR STORAGE TANK,,80289-PRO-PID-1015,AI,PCS
100-PIT-225A,DISCHARGE OF SCALE INHIBITOR PUMP (100-P-008A),,80289-PRO-PID-1015,AI,PCS
100-PIT-225B,DISCHARGE OF SCALE INHIBITOR PUMP (100-P-008B),,80289-PRO-PID-1015,AI,PCS
100-PIT-228,100-PK-005 COLD VENT PACKAGE,,80289-PRO-PID-1010 SHEET 1 OF 2,AI,PCS
100-PIT-301,CLEAN AGENT CYLINDER BANK PRESSURE TRANSMITTER,,-,AI,PCS
100-LI-603A,100-PK-003A DIESEL GENERATOR PACKAGE INDICATION,,80289-PRO-PID-1009,AI,PCS
100-PDIT-213A,ACROSS 100-FL-001B DIESEL FILTER SKID,,80289-PRO-PID-1009,AI,PCS
100-PDIT-213B,ACROSS 100-FL-001A DIESEL FILTER SKID,,80289-PRO-PID-1009,AI,PCS
100-LI-603B,100-PK-003B DIESEL GENERATOR PACKAGE INDICATION,,80289-PRO-PID-1009,AI,PCS
100-HSBR-006A,100-P-006A HP HYDRAULIC RESERVOIR PUMP,,NOTE-1,DPM,PCS
100-HSAR-006A,100-P-006A HP HYDRAULIC RESERVOIR PUMP,,NOTE-1,DPM,PCS
100-HSBR-006B,100-P-006B HP HYDRAULIC RESERVOIR PUMP,,NOTE-1,DPM,PCS
100-HSAR-006B,100-P-006B HP HYDRAULIC RESERVOIR PUMP,,NOTE-1,DPM,PCS
100-HSBR-007A,100-P-007A LP HYDRAULIC RESERVOIR PUMP,,NOTE-1,DPM,PCS
100-HSAR-007A,100-P-007A LP HYDRAULIC RESERVOIR PUMP,,NOTE-1,DPM,PCS
100-HSBR-007B,100-P-007B LP HYDRAULIC RESERVOIR PUMP,,NOTE-1,DPM,PCS
100-HSAR-007B,100-P-007B LP HYDRAULIC RESERVOIR PUMP,,NOTE-1,DPM,PCS
100-HSAR-910,100-PK-003A DIESEL GENERATOR PACKAGE,,80289-PRO-PID-1009,DPM,PCS
100-HSBR-910,100-PK-003A DIESEL GENERATOR PACKAGE,,80289-PRO-PID-1009,DPM,PCS
100-HSAR-911,100-PK-003B DIESEL GENERATOR PACKAGE,,80289-PRO-PID-1009,DPM,PCS
100-HSBR-911,100-PK-003B DIESEL GENERATOR PACKAGE,,80289-PRO-PID-1009,DPM,PCS
100-XS-100,LOAD BANK STEP1 ON/OFF,,,DP (NDE),PCS
100-XS-101,LOAD BANK STEP2 ON/OFF,,,DP (NDE),PCS
100-XS-102,LOAD BANK STEP3 ON/OFF,,,DP (NDE),PCS
100-XS-103,LOAD BANK STEP4 ON/OFF,,,DP (NDE),PCS
100-XS-017,FOR SWITCH ON-OFF LIGHT FROM ONSHORE,,-,DP (NDE),PCS
100-MCP-001,ON HELIDECK,,80289-FGS-LYT-1001 (1 of 5),DVFC,FGS
100-MCP-003,MAIN DECK,,80289-FGS-LYT-1001 (2 of 5),DVFC,FGS
100-MCP-007,MEZZANINE DECK,,80289-FGS-LYT-1001 (3 of 5),DVFC,FGS
100-MCP-005,ON CELLAR DECK,,80289-FGS-LYT-1001 (4 of 5),DVFC,FGS
100-MR-001,MANUAL RELASE FOR FOAM SYSTEM HELIDECK,,80289-FGS-LYT-1001 (1 of 5),DVFC,FGS
100-H2-001,MAIN DECK,,80289-FGS-LYT-1001 (2 of 5),DVFC,FGS
100-PS-302,CLEAN AGENT SYSTEM FUSIBLE PLUG,,-,DVFC,FGS
100-PS-401,CO2 SNUFFING PACKAGE FUSIBLE PLUG,,-,DVFC,FGS
100-SD-004,ON ELECTRICAL & INSTRUMENT ROOM (BELOW RAISED FLOOR),,80289-FGS-LYT-1001 (2 of 5),DVFC,FGS
100-SD-001,ON ELECTRICAL & INSTRUMENT ROOM,,80289-FGS-LYT-1001 (2 of 5),DVFC,FGS
100-SD-005,ON ACCOMODATION MODULE (1st FLOOR),,80289-FGS-LYT-1001 (2 of 5),DVFC,FGS
100-MCP-002,ON HELIDECK,,80289-FGS-LYT-1001 (1 of 5),DVFC,FGS
100-MCP-004,MAIN DECK,,80289-FGS-LYT-1001 (2 of 5),DVFC,FGS
100-MCP-008,MEZZANINE DECK,,80289-FGS-LYT-1001 (3 of 5),DVFC,FGS
100-MCP-006,ON SUB CELLAR DECK,,80289-FGS-LYT-1001 (5 of 5),DVFC,FGS
100-MR-002,MANUAL RELASE FOR FOAM SYSTEM HELIDECK,,80289-FGS-LYT-1001 (1 of 5),DVFC,FGS
100-H2-002,MAIN DECK,,80289-FGS-LYT-1001 (2 of 5),DVFC,FGS
100-CF-PK-003A,100-PK-003A DIESEL GENERATOR PACKAGE CONFIRMED FIRE,,80289-PRO-PID-1009,DVFC,FGS
100-CF-PK-003B,100-PK-003B DIESEL GENERATOR PACKAGE CONFIRMED FIRE,,80289-PRO-PID-1009,DVFC,FGS
100-SD-003,ON ELECTRICAL & INSTRUMENT ROOM (BELOW RAISED FLOOR),,80289-FGS-LYT-1001 (2 of 5),DVFC,FGS
100-SD-002,ON ELECTRICAL & INSTRUMENT ROOM,,80289-FGS-LYT-1001 (2 of 5),DVFC,FGS
100-SD-006,ON ACCOMODATION MODULE (1st FLOOR),,80289-FGS-LYT-1001 (2 of 5),DVFC,FGS
100-SD-007,ELECTRICAL AND INSTRUMENT ROOM (HVAC AIR INTAKE),,80289-FGS-LYT-1001 (2 of 5),DVFC,FGS
100-FD-010,MAIN DECK,,80289-FGS-LYT-1001 (2 of 5),AI,FGS
100-GD-004,MEZZANINE DECK,,80289-FGS-LYT-1001 (3 of 5),AI,FGS
100-GD-005,MEZZANINE DECK,,80289-FGS-LYT-1001 (3 of 5),AI,FGS
100-FD-001,MEZZANINE DECK,,80289-FGS-LYT-1001 (3 of 5),AI,FGS
100-GD-012,CELLAR DECK,,80289-FGS-LYT-1001 (4 of 5),AI,FGS
100-GD-013,CELLAR DECK,,80289-FGS-LYT-1001 (4 of 5),AI,FGS
100-GD-014,CELLAR DECK,,80289-FGS-LYT-1001 (4 of 5),AI,FGS
100-GD-015,CELLAR DECK,,80289-FGS-LYT-1001 (4 of 5),AI,FGS
100-PZIT-615A,FUSIBLE LOOP PRESSURE,,NOTE-1,AI,FGS
100-GD-001,ELECTRICAL AND INSTRUMENT ROOM (HVAC AIR INTAKE),,80289-FGS-LYT-1001 (2 of 5),AI,FGS
100-FD-009,MAIN DECK,,80289-FGS-LYT-1001 (2 of 5),AI,FGS
100-GD-006,MEZZANINE DECK,,80289-FGS-LYT-1001 (3 of 5),AI,FGS
100-GD-007,MEZZANINE DECK,,80289-FGS-LYT-1001 (3 of 5),AI,FGS
100-FD-002,MEZZANINE DECK,,80289-FGS-LYT-1001 (3 of 5),AI,FGS
100-TZIT-409A,TEMPERATURE CO2 SNUFFING SYSTEM,,80289-PRO-PID-1010 SHEET 1 OF 2,AI,FGS
100-TZIT-409B,TEMPERATURE CO2 SNUFFING SYSTEM,,80289-PRO-PID-1010 SHEET 1 OF 2,AI,FGS
100-GD-016,SUB-CELLAR DECK,,80289-FGS-LYT-1001 (5 of 5),AI,FGS
100-FD-007,SUB CELLAR DECK,,80289-FGS-LYT-1001 (5 of 5),AI,FGS
100-FD-005,CELLAR DECK,,80289-FGS-LYT-1001 (4 of 5),AI,FGS
100-FD-004,CELLAR DECK,,80289-FGS-LYT-1001 (4 of 5),AI,FGS
100-GD-002,ELECTRICAL AND INSTRUMENT ROOM (HVAC AIR INTAKE),,80289-FGS-LYT-1001 (2 of 5),AI,FGS
100-GD-017,SUB-CELLAR DECK,,80289-FGS-LYT-1001 (5 of 5),AI,FGS
100-FD-008,SUB CELLAR DECK,,80289-FGS-LYT-1001 (5 of 5),AI,FGS
100-FD-003,CELLAR DECK,,80289-FGS-LYT-1001 (4 of 5),AI,FGS
100-GD-008,CELLAR DECK,,80289-FGS-LYT-1001 (4 of 5),AI,FGS
100-GD-009,CELLAR DECK,,80289-FGS-LYT-1001 (4 of 5),AI,FGS
100-GD-010,CELLAR DECK,,80289-FGS-LYT-1001 (4 of 5),AI,FGS
100-GD-011,CELLAR DECK,,80289-FGS-LYT-1001 (4 of 5),AI,FGS
100-FD-006,CELLAR DECK,,80289-FGS-LYT-1001 (4 of 5),AI,FGS
100-PZIT-615B,FUSIBLE LOOP PRESSURE,,NOTE-1,AI,FGS
100-GD-003,ELECTRICAL AND INSTRUMENT ROOM (HVAC AIR INTAKE),,80289-FGS-LYT-1001 (2 of 5),AI,FGS
100-SV-910,ACTIVATE CO2 SNUFFING SYSTEM,,80289-PRO-PID-1010 SHEET 1 OF 2,DP (NDE),FGS
100-SV-323,100-V-006A ACTUATION BOTTLE,,80289-HSE-PID-1001,DP (NDE),FGS
100-CG-002,CONFIRMED GAS - PAGA,,-,DP (NDE),FGS
100-CF-002,CONFIRMED FIRE - PAGA,,-,DP (NDE),FGS
100-CR-003,CONFIRMED FIRE/GAS - NAV AID,,-,DP (NDE),FGS
100-XS-200,CLEAN AGENT RELEASE,,-,DP (NDE),FGS
100-XS-010,SIGNAL TO ISOLATE BATTERY CHARGER,,-,DP (NE),FGS
100-XS-011,SIGNAL TO TRIP HVAC,,-,DP (NE),FGS
100-LZIT-605A,ON 100-V-001 VENT/CLOSED DRAIN KNOCKOUT DRUM,,80289-PRO-PID-1010 SHEET 1 OF 2,AI,SIS
100-PZIT-219-1,TO WEB PIPELINE PIG RECEIVER AT ONSHORE,,80289-PRO-PID-1008,AI,SIS
100-PZIT-230-1,FROM PAPYRUS PIPELINE PIG LAUNCHER,,80289-PRO-PID-1017,AI,SIS
100-LZIT-607,ON 100-TK-005 FRESH WATER TANK,,80289-PRO-PID-1016,AI,SIS
100-FZIT-104,TO ACCOMODATION MODULE 100-PK-002,,80289-PRO-PID-1016,AI,SIS
100-PZIT-W208A,TO WEB PLATFORM MANIFOLD,,80289-PRO-PID-1001,AI,SIS
100-PZIT-W207A,TO WEB PLATFORM MANIFOLD,,80289-PRO-PID-1001,AI,SIS
100-PZIT-W208B,TO WEB PLATFORM MANIFOLD,,80289-PRO-PID-1002,AI,SIS
100-PZIT-W207B,TO WEB PLATFORM MANIFOLD,,80289-PRO-PID-1002,AI,SIS
100-PZIT-W208C,TO WEB PLATFORM MANIFOLD,,80289-PRO-PID-1003,AI,SIS
100-PZIT-W207C,TO WEB PLATFORM MANIFOLD,,80289-PRO-PID-1003,AI,SIS
100-LZIT-605B,ON 100-V-001 VENT/CLOSED DRAIN KNOCKOUT DRUM,,80289-PRO-PID-1010 SHEET 1 OF 2,AI,SIS
100-PZIT-219-2,TO WEB PIPELINE PIG RECEIVER AT ONSHORE,,80289-PRO-PID-1008,AI,SIS
100-PZIT-230-2,FROM PAPYRUS PIPELINE PIG LAUNCHER,,80289-PRO-PID-1017,AI,SIS
100-PZIT-W208D,TO WEB PLATFORM MANIFOLD,,80289-PRO-PID-1004,AI,SIS
100-PZIT-W207D,TO WEB PLATFORM MANIFOLD,,80289-PRO-PID-1004,AI,SIS
100-ZZT-908,100-BDV-908- BLOW DOWN VALVE,,80289-PRO-PID-1007,AI,SIS
100-ZZT-906,100-SDV-906 POSITION TRANSMITTER,,80289-PRO-PID-1008,AI,SIS
100-LZIT-602,ON 100-TK-004 DIESEL STORAGE TANK,,80289-PRO-PID-1009,AI,SIS
100-FZIT-103,TO 100-FL-001 DIESEL FILTER SKID,,80289-PRO-PID-1009,AI,SIS
100-ZZT-907,100-SDV-907 POSITION TRANSMITTER,,80289-PRO-PID-1017,AI,SIS
100-LZIT-605C,ON 100-V-001 VENT/CLOSED DRAIN KNOCKOUT DRUM,,80289-PRO-PID-1010 SHEET 1 OF 2,AI,SIS
100-PZIT-W201A,100-SSV-W901A  HYDRAULIC CONTROL PRESSURE,,80289-PRO-PID-1001,AI,SIS
100-PZIT-W202A,100-SSSV-W902A  HYDRAULIC CONTROL PRESSURE,,80289-PRO-PID-1001,AI,SIS
100-PZIT-W203A,100-SDV-W903A   HYDRAULIC CONTROL PRESSURE,,80289-PRO-PID-1001,AI,SIS
100-PZIT-W201B,100-SSV-W901B HYDRAULIC CONTROL PRESSURE,,80289-PRO-PID-1002,AI,SIS
100-PZIT-W202B,100-SSSV-W902B  HYDRAULIC CONTROL PRESSURE,,80289-PRO-PID-1002,AI,SIS
100-PZIT-W203B,100-SDV-W903B HYDRAULIC CONTROL PRESSURE,,80289-PRO-PID-1002,AI,SIS
100-PZIT-W201C,100-SSV-W901C HYDRAULIC CONTROL PRESSURE,,80289-PRO-PID-1003,AI,SIS
100-PZIT-W202C,100-SSSV-W902C  HYDRAULIC CONTROL PRESSURE,,80289-PRO-PID-1003,AI,SIS
100-PZIT-W203C,100-SDV-W903C HYDRAULIC CONTROL PRESSURE,,80289-PRO-PID-1003,AI,SIS
100-PZIT-W201D,100-SSV-W901D HYDRAULIC CONTROL PRESSURE,,80289-PRO-PID-1004,AI,SIS
100-PZIT-W202D,100-SSSV-W902D  HYDRAULIC CONTROL PRESSURE,,80289-PRO-PID-1004,AI,SIS
100-PZIT-W203D,100-SDV-W903D HYDRAULIC CONTROL PRESSURE,,80289-PRO-PID-1004,AI,SIS
100-LZIT-603,HYDRAULIC OIL LEVEL TK-1,,NOTE-1,AI,SIS
100-LZIT-604,HYDRAULIC OIL LEVEL TK-2,,NOTE-1,AI,SIS
100-PZIT-606,HP HEADER HYDRAULIC OIL PRESSURE,,NOTE-1,AI,SIS
100-PZIT-608,LP HEADER HYDRAULIC OIL PRESSURE,,NOTE-1,AI,SIS
100-PZIT-613,HP HEADER HYDRAULIC OIL PRESSURE,,NOTE-1,AI,SIS
100-PZIT-614,LP HEADER HYDRAULIC OIL PRESSURE,,NOTE-1,AI,SIS
100-PZIT-616,ESD HEADER HYDRAULIC OIL PRESSURE,,NOTE-1,AI,SIS
100-PZIT-617,PSD HEADER HYDRAULIC OIL PRESSURE,,NOTE-1,AI,SIS
100-LZIT-632,ON 100-TK-003 SCALE INHIBITOR STORAGE TANK,,80289-PRO-PID-1015,AI,SIS
100-PZIT-229A,DISCHARGE OF 100-P-008A SCALE INHIBITOR PUMP,,80289-PRO-PID-1015,AI,SIS
100-PZIT-229B,DISCHARGE OF 100-P-008B SCALE INHIBITOR PUMP,,80289-PRO-PID-1015,AI,SIS
100-LZIT-625,ON 100-TK-001 CORROSION INHIBITOR TANK,,80289-PRO-PID-1011,AI,SIS
100-PZIT-226A,OUTLET FROM CORROSION INHIBITOR PUMP (100-P-001A ),,80289-PRO-PID-1011,AI,SIS
100-PZIT-226B,OUTLET FROM CORROSION INHIBITOR PUMP (100-P-001B ),,80289-PRO-PID-1011,AI,SIS
100-LZIT-627,ON 100-TK-002 KHI INJECTION STORAGE TANK,,80289-PRO-PID-1012,AI,SIS
100-PZIT-227A,OUTLET FROM KHI PUMP (100-P-002A ),,80289-PRO-PID-1012,AI,SIS
100-PZIT-227B,OUTLET FROM KHI PUMP (100-P-002B ),,80289-PRO-PID-1012,AI,SIS
100-LZIT-629,ON 100-V-004 METHANOL STORAGE VESSEL,,80289-PRO-PID-1013,AI,SIS
100-PZIT-228A,OUTLET FROM METHANOL PUMP (100-P-003A ),,80289-PRO-PID-1013,AI,SIS
100-PZIT-228B,OUTLET FROM METHANOL PUMP (100-P-003B ),,80289-PRO-PID-1013,AI,SIS
100-SY-W902A,100-SSV-W902A SURFACE SAFETY VALVE,,80289-PRO-PID-1002,DP (NE),SIS
100-SY-W903A,100-SDV-W903A WING VALVE,,80289-PRO-PID-1002,DP (NE),SIS
100-SY-W902B,100-SSV-W902B SURFACE SAFETY VALVE,,80289-PRO-PID-1002,DP (NE),SIS
100-SY-W903B,100-SDV-W903B WING VALVE,,80289-PRO-PID-1002,DP (NE),SIS
100-SY-W902C,100-SSV-W902C SURFACE SAFETY VALVE,,80289-PRO-PID-1003,DP (NE),SIS
100-SY-W903C,100-SDV-W903C WING VALVE,,80289-PRO-PID-1003,DP (NE),SIS
100-SY-W902D,100-SSV-W902D SURFACE SAFETY VALVE,,80289-PRO-PID-1004,DP (NE),SIS
100-SY-W903D,100-SDV-W903D WING VALVE,,80289-PRO-PID-1004,DP (NE),SIS
100-SY-601,REMOTE ESD,,NOTE-1,DP (NE),SIS
100-SY-602,REMOTE ESD,,NOTE-1,DP (NE),SIS
100-SY-603,REMOTE PSD,,NOTE-1,DP (NE),SIS
100-SY-604,REMOTE PSD,,NOTE-1,DP (NE),SIS
100-SV-910A,CORROSION INHIBITOR INJECTION TO WEB NE FLOWLINE,,80289-PRO-PID-1011,DP (NE),SIS
100-SV-910B,CORROSION INHIBITOR INJECTION TO WEB NW FLOWLINE,,80289-PRO-PID-1011,DP (NE),SIS
100-SV-910C,CORROSION INHIBITOR INJECTION TO WEB SE FLOWLINE,,80289-PRO-PID-1011,DP (NE),SIS
100-SV-910D,CORROSION INHIBITOR INJECTION TO WEB SW FLOWLINE,,80289-PRO-PID-1011,DP (NE),SIS
100-SV-911A,KHI INJECTION TO WEB NE FLOWLINE,,80289-PRO-PID-1012,DP (NE),SIS
100-SV-911B,KHI INJECTION TO WEB NW FLOWLINE,,80289-PRO-PID-1012,DP (NE),SIS
100-SV-911C,KHI INJECTION TO WEB SE FLOWLINE,,80289-PRO-PID-1012,DP (NE),SIS
100-SV-911D,KHI INJECTION TO WEB SW FLOWLINE,,80289-PRO-PID-1012,DP (NE),SIS
100-SV-909A,METHANOL INJECTION TO WEB NE FLOWLINE,,80289-PRO-PID-1013,DP (NE),SIS
100-SV-909B,METHANOL INJECTION TO WEB NW FLOWLINE,,80289-PRO-PID-1013,DP (NE),SIS
100-SV-909C,METHANOL INJECTION TO WEB SE FLOWLINE,,80289-PRO-PID-1013,DP (NE),SIS
100-SV-909D,METHANOL INJECTION TO WEB SW FLOWLINE,,80289-PRO-PID-1013,DP (NE),SIS
100-XS-005A,100-P-005A DIESEL PUMP,,80289-PRO-PID-1009,DP (NE),SIS
100-XS-005B,100-P-005B DIESEL PUMP,,80289-PRO-PID-1009,DP (NE),SIS
100-XS-MX-001,100-MX-001 CORRISION INHIBITOR TANK MIXER,,80289-PRO-PID-1011,DP (NE),SIS
100-XS-001A,100-P-001A CORRISION INHIBITOR PUMP,,80289-PRO-PID-1011,DP (NE),SIS
100-XS-001B,100-P-001B CORRISION INHIBITOR PUMP,,80289-PRO-PID-1011,DP (NE),SIS
100-XS-003A,100-P-003A METHANOL PUMP,,80289-PRO-PID-1013,DP (NE),SIS
100-XS-003B,100-P-003B METHANOL PUMP,,80289-PRO-PID-1013,DP (NE),SIS
100-XS-004A,100-P-004A FRESH WATER PUMP,,80289-PRO-PID-1016,DP (NE),SIS
100-XS-004B,100-P-004B FRESH WATER PUMP,,80289-PRO-PID-1016,DP (NE),SIS
100-XS-MX-002,100-MX-002 KHI TANK MIXER,,80289-PRO-PID-1012,DP (NE),SIS
100-XS-002A,100-P-002A KHI PUMP,,80289-PRO-PID-1012,DP (NE),SIS
100-XS-002B,100-P-002B KHI PUMP,,80289-PRO-PID-1012,DP (NE),SIS
100-XS-MX-008,100-MX-008 SCALE INHIBITOR TANK MIXER,,80289-PRO-PID-1015,DP (NE),SIS
100-XS-008A,100-P-008A SCALE INHIBITOR PUMP,,80289-PRO-PID-1015,DP (NE),SIS
100-XS-008B,100-P-008B SCALE INHIBITOR PUMP,,80289-PRO-PID-1015,DP (NE),SIS
100-XS-PK-003A,100-PK-003A DIESEL GENERATOR PACKAGE,,80289-PRO-PID-1009,DP (NE),SIS
100-XS-PK-003B,100-PK-003B DIESEL GENERATOR PACKAGE,,80289-PRO-PID-1009,DP (NE),SIS
100-SY-908,100-BDV-908- BLOW DOWN VALVE,,80289-PRO-PID-1007,DP (NE),SIS
100-SY-906A,100-SDV-906- SHUT DOWN VALVE,,80289-PRO-PID-1008,DP (NE),SIS
100-SY-906B,100-SDV-906- SHUT DOWN VALVE,,80289-PRO-PID-1008,DP (NE),SIS
100-SY-907A,FROM PAPYRUS PIPELINE PIG LAUNCHER,,80289-PRO-PID-1017,DP (NE),SIS
100-SY-907B,FROM PAPYRUS PIPELINE PIG LAUNCHER,,80289-PRO-PID-1017,DP (NE),SIS
100-XS-006A,100-P-006A HP HYDRAULIC RESERVOIR PUMP,,NOTE-1,DP (NE),SIS
100-XS-006B,100-P-006B HP HYDRAULIC RESERVOIR PUMP,,NOTE-1,DP (NE),SIS
100-XS-007A,100-P-007A LP HYDRAULIC RESERVOIR PUMP,,NOTE-1,DP (NE),SIS
100-XS-007B,100-P-007B LP HYDRAULIC RESERVOIR PUMP,,NOTE-1,DP (NE),SIS
100-XS-009,ESD SIGNAL TO PAGA,,-,DP (NE),SIS
100-XS-014,COMMUNICATION LOSS IN WDDM STATUS,,-,DP (NE),SIS
100-SV-912,SCALE INHIBITOR TO WEB PIPELINE PIG LAUNCHER,,80289-PRO-PID-1015,DP (NE),SIS
100-XL-001,POWER ON LAMP ON ICSS PANEL,,-,DP (NDE),SIS
100-XL-002,SYSTEM HEALTHY LAMP ON ICSS PANEL,,-,DP (NDE),SIS
100-XL-003,SYSTEM FAULT LAMP ON ICSS PANEL,,-,DP (NDE),SIS
100-XL-004,ESD STATUS LAMP ON ICSS PANEL,,-,DP (NDE),SIS
100-XL-005,PSD STATUS LAMP ON ICSS PANEL,,-,DP (NDE),SIS
100-XL-006,SPARE LAMP ON ICSS PANEL,,-,DP (NDE),SIS
100-XL-007,SPARE LAMP ON ICSS PANEL,,-,DP (NDE),SIS
100-XL-008,OVERRIDE STATUS LAMP ON ICSS PANEL,,-,DP (NDE),SIS
100-XL-009,MAINTENANCE OVERRIDE STATUS LAMP ON ICSS PANEL,,-,DP (NDE),SIS
100-XL-010,SPARE LAMP ON ICSS PANEL,,-,DP (NDE),SIS
100-XL-011,SPARE LAMP ON ICSS PANEL,,-,DP (NDE),SIS
100-XL-012,SPARE LAMP ON ICSS PANEL,,-,DP (NDE),SIS
100-XL-013,SPARE LAMP ON ICSS PANEL,,-,DP (NDE),SIS
100-HS-ESD-001,ESD SHUTDOWN,,-,DVFC,SIS
100-HS-ESD-002,ESD SHUTDOWN,,-,DVFC,SIS
100-HS-ESD-003,ESD SHUTDOWN,,-,DVFC,SIS
100-HS-ESD-004,ESD SHUTDOWN,,-,DVFC,SIS
100-HS-ESD-007,ESD SHUTDOWN,,-,DVFC,SIS
100-HS-ESD-008,ESD SHUTDOWN,,-,DVFC,SIS
100-HS-ESD-009,ESD SHUTDOWN FROM DRILLING RIG,,-,DVFC,SIS
100-HS-ESD-005,ESD SHUTDOWN,,-,DVFC,SIS
100-HS-ESD-006,ESD SHUTDOWN,,-,DVFC,SIS
100-PS-906,ON 100-SDV-906 SHUT DOWN VALVE,,80289-PRO-PID-1008,DVFC,SIS
100-PS-907,ON 100-SDV-907 SHUT DOWN VALVE,,-,DVFC,SIS
100-XS-018,100-P-002A  KHI PUMP TRIPPED,,AI,DVFC,SIS
100-XS-019,100-P-002B  KHI PUMP TRIPPED,,AI,DVFC,SIS
100-XS-012,TOTAL POWER LOSS STATUS,,-,DVFC,SIS
100-XS-013,ESD SIGNAL TO PAGA,,-,DVFC,SIS
100-PB-001,ACKNOWLEDGEMENT-PUSH BUTTON ON ICSS PANEL,,-,DVFC,SIS
100-PB-002,LAMP TEST-PUSH BUTTON ON ICSS PANEL,,-,DVFC,SIS
100-PB-003,ESD-PUSH BUTTON ON ICSS PANEL,,-,DVFC,SIS
100-PB-004,PSD-PUSH BUTTON ON ICSS PANEL,,-,DVFC,SIS
100-PB-005,START-UP OVERRIDE KEYSWITCH ON ICSS PANEL,,-,DVFC,SIS
100-PB-006,MAINTENANCE OVERRIDE KEYSWITCH ON ICSS PANEL,,-,DVFC,SIS
100-PB-007,LOCAL / REMOTE KEYSWITCH ON ICSS PANEL,,-,DVFC,SIS
100-PB-008,ESD RESET-PUSH BUTTON ON ICSS PANEL,,-,DVFC,SIS
100-PB-009,PSD RESET-PUSH BUTTON ON ICSS PANEL,,-,DVFC,SIS
100-PB-011,NORMAL/ SIP ROD SELECTOR SWITCH ON ICSS PANEL,,-,DVFC,SIS
100-PB-012,SPARE -KEYSWITCH ON ICSS PANEL,,-,DVFC,SIS
100-PB-013,SPARE -KEYSWITCH ON ICSS PANEL,,-,DVFC,SIS
100-PB-014,SPARE -KEYSWITCH ON ICSS PANEL,,-,DVFC,SIS
100-PB-015,SPARE -PUSH BUTTON ON ICSS PANEL,,-,DVFC,SIS
100-PB-016,SPARE -PUSH BUTTON ON ICSS PANEL,,-,DVFC,SIS
